import_sequence_group,table,file,model_status,role,load_to_model,relationship_instruction,pbix_validation_status
10,DimCustomer,DimCustomer.csv,CONNECTED,dimension,True,CREATE_ONLY_CANONICAL_RELATIONSHIPS,NOT_YET_VALIDATED_IN_PBIX
10,DimDate,DimDate.csv,CONNECTED,dimension,True,CREATE_ONLY_CANONICAL_RELATIONSHIPS,NOT_YET_VALIDATED_IN_PBIX
10,DimDepartment,DimDepartment.csv,CONNECTED,dimension,True,CREATE_ONLY_CANONICAL_RELATIONSHIPS,NOT_YET_VALIDATED_IN_PBIX
10,DimEmployee,DimEmployee.csv,CONNECTED,dimension,True,CREATE_ONLY_CANONICAL_RELATIONSHIPS,NOT_YET_VALIDATED_IN_PBIX
10,DimJobRole,DimJobRole.csv,CONNECTED,dimension,True,CREATE_ONLY_CANONICAL_RELATIONSHIPS,NOT_YET_VALIDATED_IN_PBIX
10,DimLine,DimLine.csv,CONNECTED,dimension,True,CREATE_ONLY_CANONICAL_RELATIONSHIPS,NOT_YET_VALIDATED_IN_PBIX
10,DimMachine,DimMachine.csv,CONNECTED,dimension,True,CREATE_ONLY_CANONICAL_RELATIONSHIPS,NOT_YET_VALIDATED_IN_PBIX
10,DimPlant,DimPlant.csv,CONNECTED,dimension,True,CREATE_ONLY_CANONICAL_RELATIONSHIPS,NOT_YET_VALIDATED_IN_PBIX
10,DimProduct,DimProduct.csv,CONNECTED,dimension,True,CREATE_ONLY_CANONICAL_RELATIONSHIPS,NOT_YET_VALIDATED_IN_PBIX
10,DimShift,DimShift.csv,CONNECTED,dimension,True,CREATE_ONLY_CANONICAL_RELATIONSHIPS,NOT_YET_VALIDATED_IN_PBIX
10,DimSupplier,DimSupplier.csv,CONNECTED,dimension,True,CREATE_ONLY_CANONICAL_RELATIONSHIPS,NOT_YET_VALIDATED_IN_PBIX
10,DimWarehouse,DimWarehouse.csv,CONNECTED,dimension,True,CREATE_ONLY_CANONICAL_RELATIONSHIPS,NOT_YET_VALIDATED_IN_PBIX
20,EnterpriseMonthly,EnterpriseMonthly.csv,CONNECTED,enterprise_mart,True,CREATE_ONLY_CANONICAL_RELATIONSHIPS,NOT_YET_VALIDATED_IN_PBIX
21,MORI,MORI.csv,CONNECTED,risk_mart,True,CREATE_ONLY_CANONICAL_RELATIONSHIPS,NOT_YET_VALIDATED_IN_PBIX
30,CustomerService,CustomerService.csv,CONNECTED,fact,True,CREATE_ONLY_CANONICAL_RELATIONSHIPS,NOT_YET_VALIDATED_IN_PBIX
30,Downtime,Downtime.csv,CONNECTED,fact,True,CREATE_ONLY_CANONICAL_RELATIONSHIPS,NOT_YET_VALIDATED_IN_PBIX
30,Finance,Finance.csv,CONNECTED,fact,True,CREATE_ONLY_CANONICAL_RELATIONSHIPS,NOT_YET_VALIDATED_IN_PBIX
30,Maintenance,Maintenance.csv,CONNECTED,fact,True,CREATE_ONLY_CANONICAL_RELATIONSHIPS,NOT_YET_VALIDATED_IN_PBIX
30,Orders,Orders.csv,CONNECTED,fact,True,CREATE_ONLY_CANONICAL_RELATIONSHIPS,NOT_YET_VALIDATED_IN_PBIX
30,ProductionKPI,ProductionKPI.csv,CONNECTED,fact,True,CREATE_ONLY_CANONICAL_RELATIONSHIPS,NOT_YET_VALIDATED_IN_PBIX
30,QualityEvents,QualityEvents.csv,CONNECTED,fact,True,CREATE_ONLY_CANONICAL_RELATIONSHIPS,NOT_YET_VALIDATED_IN_PBIX
30,Recruitment,Recruitment.csv,CONNECTED,fact,True,CREATE_ONLY_CANONICAL_RELATIONSHIPS,NOT_YET_VALIDATED_IN_PBIX
30,SaaSUsage,SaaSUsage.csv,CONNECTED,fact,True,CREATE_ONLY_CANONICAL_RELATIONSHIPS,NOT_YET_VALIDATED_IN_PBIX
30,Shipments,Shipments.csv,CONNECTED,fact,True,CREATE_ONLY_CANONICAL_RELATIONSHIPS,NOT_YET_VALIDATED_IN_PBIX
30,Supply,Supply.csv,CONNECTED,fact,True,CREATE_ONLY_CANONICAL_RELATIONSHIPS,NOT_YET_VALIDATED_IN_PBIX
30,TechnologyIncidents,TechnologyIncidents.csv,CONNECTED,fact,True,CREATE_ONLY_CANONICAL_RELATIONSHIPS,NOT_YET_VALIDATED_IN_PBIX
30,Workforce,Workforce.csv,CONNECTED,fact,True,CREATE_ONLY_CANONICAL_RELATIONSHIPS,NOT_YET_VALIDATED_IN_PBIX
31,EmployeeAssignment,EmployeeAssignment.csv,CONNECTED,workforce_snapshot_fact,True,CREATE_ONLY_CANONICAL_RELATIONSHIPS,NOT_YET_VALIDATED_IN_PBIX
40,QualityPChart,QualityPChart.csv,CONNECTED,statistical_mart,True,CREATE_ONLY_CANONICAL_RELATIONSHIPS,NOT_YET_VALIDATED_IN_PBIX
41,CapacityWaterfall,CapacityWaterfall.csv,CONNECTED,analytical_mart,True,CREATE_ONLY_CANONICAL_RELATIONSHIPS,NOT_YET_VALIDATED_IN_PBIX
41,Reliability,Reliability.csv,CONNECTED,analytical_mart,True,CREATE_ONLY_CANONICAL_RELATIONSHIPS,NOT_YET_VALIDATED_IN_PBIX
41,SixBigLosses,SixBigLosses.csv,CONNECTED,analytical_mart,True,CREATE_ONLY_CANONICAL_RELATIONSHIPS,NOT_YET_VALIDATED_IN_PBIX
41,ValueLeakage,ValueLeakage.csv,CONNECTED,analytical_mart,True,CREATE_ONLY_CANONICAL_RELATIONSHIPS,NOT_YET_VALIDATED_IN_PBIX
42,PredictiveMaintenanceScores,PredictiveMaintenanceScores.csv,CONNECTED,model_output,True,CREATE_ONLY_CANONICAL_RELATIONSHIPS,NOT_YET_VALIDATED_IN_PBIX
43,DemandForecast,DemandForecast.csv,CONNECTED,forecast_output,True,CREATE_ONLY_CANONICAL_RELATIONSHIPS,NOT_YET_VALIDATED_IN_PBIX
70,MORIComponentContributions,MORIComponentContributions.csv,DISCONNECTED,risk_evidence,True,KEEP_DISCONNECTED,NOT_YET_VALIDATED_IN_PBIX
70,MORIThresholdSensitivity,MORIThresholdSensitivity.csv,DISCONNECTED,risk_evidence,True,KEEP_DISCONNECTED,NOT_YET_VALIDATED_IN_PBIX
70,MORIWeightSensitivity,MORIWeightSensitivity.csv,DISCONNECTED,risk_evidence,True,KEEP_DISCONNECTED,NOT_YET_VALIDATED_IN_PBIX
71,ScenarioOutputs,ScenarioOutputs.csv,DISCONNECTED,simulated_scenario,True,KEEP_DISCONNECTED,NOT_YET_VALIDATED_IN_PBIX
72,ScenarioAssumptions,ScenarioAssumptions.csv,DISCONNECTED,simulated_scenario_evidence,True,KEEP_DISCONNECTED,NOT_YET_VALIDATED_IN_PBIX
73,ScenarioMonitoringPlan,ScenarioMonitoringPlan.csv,DISCONNECTED,prospective_monitoring,True,KEEP_DISCONNECTED,NOT_YET_VALIDATED_IN_PBIX
74,ProcessCases,ProcessCases.csv,DISCONNECTED,case_process_evidence,True,KEEP_DISCONNECTED,NOT_YET_VALIDATED_IN_PBIX
74,ProcessEventLog,ProcessEventLog.csv,DISCONNECTED,case_process_evidence,True,KEEP_DISCONNECTED,NOT_YET_VALIDATED_IN_PBIX
74,ProcessTransitions,ProcessTransitions.csv,DISCONNECTED,case_process_evidence,True,KEEP_DISCONNECTED,NOT_YET_VALIDATED_IN_PBIX
75,DecisionQueue,DecisionQueue.csv,DISCONNECTED,presentation_mart,True,KEEP_DISCONNECTED,NOT_YET_VALIDATED_IN_PBIX
75,QualityPareto,QualityPareto.csv,DISCONNECTED,presentation_mart,True,KEEP_DISCONNECTED,NOT_YET_VALIDATED_IN_PBIX
76,PredictiveMaintenanceCalibration,PredictiveMaintenanceCalibration.csv,DISCONNECTED,model_validation,True,KEEP_DISCONNECTED,NOT_YET_VALIDATED_IN_PBIX
76,PredictiveMaintenanceFeatureImportance,PredictiveMaintenanceFeatureImportance.csv,DISCONNECTED,model_validation,True,KEEP_DISCONNECTED,NOT_YET_VALIDATED_IN_PBIX
76,PredictiveMaintenanceModelComparison,PredictiveMaintenanceModelComparison.csv,DISCONNECTED,model_validation,True,KEEP_DISCONNECTED,NOT_YET_VALIDATED_IN_PBIX
77,RootCauseAssociations,RootCauseAssociations.csv,DISCONNECTED,diagnostic_evidence,True,KEEP_DISCONNECTED,NOT_YET_VALIDATED_IN_PBIX
77,RootCauseGroupTests,RootCauseGroupTests.csv,DISCONNECTED,diagnostic_evidence,True,KEEP_DISCONNECTED,NOT_YET_VALIDATED_IN_PBIX
77,RootCausePriorities,RootCausePriorities.csv,DISCONNECTED,diagnostic_evidence,True,KEEP_DISCONNECTED,NOT_YET_VALIDATED_IN_PBIX
77,RootCauseRegression,RootCauseRegression.csv,DISCONNECTED,diagnostic_evidence,True,KEEP_DISCONNECTED,NOT_YET_VALIDATED_IN_PBIX
77,RootCauseSegments,RootCauseSegments.csv,DISCONNECTED,diagnostic_evidence,True,KEEP_DISCONNECTED,NOT_YET_VALIDATED_IN_PBIX
77,RootCauseTreeImportance,RootCauseTreeImportance.csv,DISCONNECTED,diagnostic_evidence,True,KEEP_DISCONNECTED,NOT_YET_VALIDATED_IN_PBIX
78,DemandForecastBacktest,DemandForecastBacktest.csv,DISCONNECTED,forecast_validation,True,KEEP_DISCONNECTED,NOT_YET_VALIDATED_IN_PBIX
78,DemandForecastDiagnostics,DemandForecastDiagnostics.csv,DISCONNECTED,forecast_validation,True,KEEP_DISCONNECTED,NOT_YET_VALIDATED_IN_PBIX
78,DemandForecastModelComparison,DemandForecastModelComparison.csv,DISCONNECTED,forecast_validation,True,KEEP_DISCONNECTED,NOT_YET_VALIDATED_IN_PBIX
